tag,name,texture,"conditions	",,,,,,,,,,,
#,vivalarevolution,icon_achievement_VivaLaRevolution.svg,"Socialist,>,0.66,4","Socialist_perc,>,0.75,4","Equality,>,0.75,4",,,,,,,,,
#,cultofpersonality,icon_achievement_CultOfPersonality.svg,"_percept_trust,>,0.75,4","_percept_strength,>,0.75,4","_percept_compassion,>,0.75,4",,,,,,,,,
#,coalitionkid,icon_achievement_CoalitionKid.svg,*COALITIONKID,,,,,,,,,,,
#,livinginthefuture,icon_achievement_LivingInTheFuture.svg,"InternetSpeed,>,0.75,4","Technology,>,0.8,4","SpaceProgram,>,0.75,4","MarsProgram,>,0.75,4","DriverlessCarLaws,>,0.75,4",,,,,,,
#,taxahontas,icon_achievement_Taxahontas.svg,*TAXAHONTAS,"IncomeTax,>,0.66,4","CorporationTax,>,0.66,4",,,,,,,,,
#,everybodyout,icon_achievement_EverybodyOut.svg,*EVERYBODYOUT,,,,,,,,,,,
#,dangerousstreets,icon_achievement_DangerousStreets.svg,"StreetGangs,>,0.6,4","ViolentCrimeRate,>,0.6,2","AntisocialBehaviour,>,0.66,4","DrugAddiction,>,0.75,4","Organised Crime,>,0.7,4",,,,,,,
#,heirtoaynrand,icon_achievement_HeirToAynRand.svg,"Capitalist_perc,>,0.7,4","IncomeTax,!,0,4","CorporationTax,!,0,4","StateHealthService,!,0,4","StateHousing,!,0,4","StateSchools,!,0,4",,,,,,
#,ecotopia,icon_achievement_Ecotopia.svg,"Environment,>,0.65,4","CO2Emissions,<,0.5,4","CarbonTax,>,0.2,4","PollutionControls,>,0.65,4","EnergyEfficiency,>,0.65,4","Recycling,>,0.6,4","AirlineTax,>,0.25,4","Environmentalist_perc,>,0.5,4","PetrolTax,>,0.5,4","FrequentFlyerTax,>,0.25,4",,
#,wrappedintheflag,icon_achievement_WrappedInTheFlag.svg,"Patriot,>,0.6,4","Nationalanthemsinschool,>,0.5,4","Flagsoneverystreetcorner,>,0.5,4","MilitarySpending,>,0.65,4","Nationalanthematstartofnews,>,0.5,4",,,,,,,
#,bulletproofpolitics,icon_achievement_BulletproofPolitics.svg,*BULLETPROOF,,,,,,,,,,,
#,intergalacticsocialism,icon_achievement_IntergalacticSocialism.svg,"Socialist_perc,>,0.7,4","SpaceProgram,>,0.5,4","MarsProgram,>,0.25,4",,,,,,,,,
#,academicparadise,icon_achievement_AcademicParadise.svg,"Education,>,0.85,4","TeachersStrike,!,0,4","TeacherShortage,!,0,4","ScienceFunding,>,0.8,4","Creationism,>,0.95,4","AdultEducationSubsidies,>,0.66,4",,,,,,
#,ignoranceisbliss,icon_achievement_IgnoranceIsBliss.svg,"Education,<,0.35,4","SpaceProgram,!,0,4","MarsProgram,!,0,4","ScienceFunding,<,0.25,4",,,,,,,,
#,fooddrugsalcohol,icon_achievement_FoodDrugsAlcohol.svg,"AlcoholConsumption,>,0.6,4","TobaccoUse,>,0.6,4","LegalDrugConsumption,>,0.5,4","Obesity,>,0.6,4",,,,,,,,
#,apocalypsenow,icon_achievement_ApocalypseNow.svg,"Cyclones,>,0.6,1","Foodcrisis,>,0.6,1","Watershortage,>,0.6,1","StreetGangs,>,0.6,1",,,,,,,,
#,festivaloffirearms,icon_achievement_FestivalOfFirearms.svg,"ArmedPolice,>,0.8,4","MilitarySpending,>,0.8,4","HandgunLaws,<,0.2,4",,,,,,,,,
#,theallseeingstate,icon_achievement_TheAllSeeingState.svg,"PoliceDrones,>,0.8,4","PrisonerTagging,>,0.8,4","CCTVCameras,>,0.8,4","IDCards,>,0.80,4","IntelligenceServices,>,0.8,4","InternetCensorship,>,0.75,4",,,,,,
#,squeezetherich,icon_achievement_SqueezeTheRich.svg,"LuxuryGoodsTax,>,0.75,4","FrequentFlyerTax,>,0.75,4","Punitivewealthtax,>,0.75,4","CapCEOPayMultiplier,>,0.75,4","InheritanceTax,>,0.75,4",,,,,,,
#,subsidysam,icon_achievement_SubsidySam.svg,*SUBSIDY,,,,,,,,,,,
#,infrastructureaddict,icon_achievement_InfrastructureAddict.svg,"Monorail,>,0.5,4","SpaceProgram,>,0.5,4","MarsProgram,>,0.5,4","RoadBuilding,>,0.7,4","Prisons,>,0.7,4",,,,,,,
#,nosaladleftbehind,icon_achievement_NoSaladLeftBehind.svg,"Veganism,>,0.7,4","Obesity,!,0,4","HealthyEatingCampaign,>,0.5,4","AntibioticsBan,>,0.65,4","FoodStandards,>,0.85,4","CompulsoryFoodLabelling,>,0.85,4","OrganicSubsidy,>,0.6,4",,,,,
#,workerswonderland,icon_achievement_WorkersWonderland.svg,"WorkingWeek,<,0.4,4","Wages,>,0.7,4","LabourLaws,>,0.8,4","CapCEOPayMultiplier,>,0.65,4","Tradeunionbansatcompanies,!,0,4","GovernmentSubsidiesForUnions,>,0.75,4",,,,,,
#,topmarx,icon_achievement_TopMarx.svg,"Equality,>,0.75,4","Socialist_perc,>,0.75,4","Punitivewealthtax,>,0.75,4","Banprivateeducation,>,0.75,4","Banprivatehealthcare,>,0.75,4",,,,,,,
#,startyourengines,icon_achievement_StarYourEngines.svg,"CarUsage,>,0.66,4","CarTax,!,0,4","PetrolTax,!,0,4","BusLanes,!,0,4","RoadBuilding,>,0.66,4","Gridlock,!,0,4","Newcarsubsidies,>,0.5,4","Banlowmpgcars,!,0,4","SpeedCameras,!,0,4","FuelEfficiency,<,0.35,4","TollRoads,!,0,4","Limitorbancarsincities,!,0,4"
#,anythinggoes,icon_achievement_AnythingGoes.svg,"LegaliseProstitution,>,0.5,4","AlcoholLaw,<,0.25,4","Gambling,>,0.2,4","HandgunLaws,<, 0.25,4","Narcotics,>,0.66,4","Bandivorce,!,0,4","Banhomosexuality,!,0,4","Banlowmpgcars,!,0,4","Limitorbancarsincities,!,0,4","BanSecondHomeOwnership,!,0,4","Closeairportscompletely,!,0,4",
#,praisethelord,icon_achievement_PraiseTheLord.svg,"Religious_perc,>,0.7,4","SchoolPrayers,>,0.66,4","Creationism,<,0.1,4","FaithSchoolSubsidies,>,0.8,4","Compulsorychurchattendance,>,0.5,4",,,,,,,
#,siliconparadise,icon_achievement_SiliconParadise.svg,"Technology,>,0.66,4","TechnologicalAdvantage,>,0.75,4","InternetCrime,!,0,4","InternetSpeed,>,0.7,4","RoboticsResearch,>,0.66,4","TechnologyGrants,>,0.66,4","AutomationTax,!,0,4",,,,,
#,successfulliar,icon_achievement_SuccessfulLiar.svg,*LIAR,,,,,,,,,,,
#,strongarmofthelaw,icon_achievement_StrongArmOfTheLaw.svg,"CrimeRate,<,0.3,4","ViolentCrimeRate,<,0.3,4","PoliceForce,>,0.7,4","ArmedPolice,>,0.4,4","PoliceDrones,>,0.4,4","CCTVCameras,>,0.4,4","Tasers,>,0.4,4","PrisonerTagging,>,0.4,4","ArmedRobbery,!,0,4","InnerCityRiots,!,0,4","StreetGangs,!,0,4","VigilanteMobs,!,0,4"
#,secretstate,icon_achievement_SecretState.svg,"SecretCourts,>,0.7,4","TortureUsageBySecretServices,>,0.75,4","CCTVCameras,>,0.66,4","PhoneTapping,>,0.66,4","InternetCensorship,>,0.7,4","IntelligenceServices,>,0.75,4",,,,,,
#,healthyliving,icon_achievement_HealthyLiving.svg,"Health,>,0.7,4","Alcoholism,!,0,4","AsthmaEpidemic,!,0,4","ContagiousDisease,!,0,4","Obesity,!,0,4","DrugAddiction,!,,4","HealthyEatingCampaign,>,0.75,4","HealthFoodSubsidies,>,0.7,4",,,,
#,gravediggingboom,icon_achievement_GravediggingBoom.svg,"DeathPenalty,>,0.7,4","ViolentCrimeRate,>,0.6,4","Organised Crime,>,0.6,4","ArmedRobbery,>,0.6,4",,,,,,,,
#,spotlightjunkie,icon_achievement_SpotlightJunkie.svg,*SPOTLIGHT,,,,,,,,,,,
#,childrenareourfuture,icon_achievement_ChildrenAreOurFuture.svg,"Education,>,0.8,4","FreeSchoolMeals,>,0.8,4","ChildBenefit,>,0.5,4","ChildcareProvision,>,0.6,4","YouthClubSubsidies,>,0.5,4","FreeParentingClasses,>,0.66,4","OneChildPolicy,!,0,4",,,,,
#,ruraltranquility,icon_achievement_RuralTranquility.svg,"Farmers,>,0.75,4","AgricultureSubsidies,>,0.8,4","RuralDevelopmentGrants,>,0.8,4","KeepTheCountryTidyCampaign,>,0.8,4",,,,,,,,
#,unitednations,icon_achievement_UnitedNations.svg,"InternationalTrade,>,0.75,4","ForeignRelations,>,0.8,4","Tourism,>,0.8,4","DiplomaticService,>,0.65,4","Immigration,>,0.5,4","ImportTarrifs,!,0,4",,,,,,
#,shufflemeister,icon_achievement_ShuffleMeister.svg,*SHUFFLE,,,,,,,,,,,
#,lonelyatthetop,icon_achievement_LonelyAtTheTop.svg,*LONELY,,,,,,,,,,,
#,marginoferror,icon_achievement_MarginOfError.svg,*MARGIN,,,,,,,,,,,
