token,name,type,leave_approval,join_approval,requiremilitancy,base threat,required,radicalisationrate,de-radical rate,groups,,
#,sustainabilitytrust,PROTEST,0.7,0.35,0.5,0.4,Environmentalist,0,0,"Environmentalist,1",,
#,seniorrightssociety,PROTEST,0.7,0.35,0.5,0.8,Wealthy,0,0,"Retired,1",,
#,evangelicalalliance,PROTEST,0.7,0.35,0.5,0.6,Religious,0.07,0.035,"Religious,1.0",,
#,liberalleague,PROTEST,0.7,0.35,0.5,0.4,Liberal,0.04,0.035,"Liberal,1",,
#,marxismnow,PROTEST,0.7,0.35,0.5,1,Socialist,0.14,0.07,"Socialist,0.7","Poor,0.2","TradeUnionist,0.1"
#,campaignforfamilyvalues,PROTEST,0.7,0.35,0.4,0.4,Conservatives,0.07,0.035,"Conservatives,1.0",,
#,defendersoftheflag,PROTEST,0.7,0.35,0.4,1,Patriot,0.11375,0.056875,"Patriot,1",,
#,environmentalalliance,PROTEST,0.7,0.35,0.3,0.8,Environmentalist,0.105,0.0525,"Environmentalist,1",,
#,diversityalliance,PROTEST,0.7,0.35,0.5,0.6,EthnicMinorities,0.0875,0.04375,"EthnicMinorities,0.75","Liberal,0.25",
#,federationofentrepreneurs,PROTEST,0.7,0.35,0.3,0.6,Capitalist,0.0875,0.04375,"Wealthy,0.4","Capitalist,0.4","SelfEmployed,0.2"
#,ruralalliance,PROTEST,0.7,0.35,0.3,0.6,Farmers,0.07875,0.039375,"Farmers,1",,
,,,,,,,required,radic join,radic leave,parent,radicalisation rate,
#,angelsofheavelyjustice,EXTREMIST,,,0.7,1,Religious,0.6,0.3,evangelicalalliance,0.1,
#,freedomrebellion,EXTREMIST,,,0.75,0.7,Liberal,0.6,0.3,liberalleague,0.1,
#,peoplesbrigade,EXTREMIST,,,0.7,1,Socialist,0.6,0.3,marxismnow,0.1,
#,traditionalvaluesregiment,EXTREMIST,,,0.7,0.96,Conservatives,0.6,0.3,campaignforfamilyvalues,0.1,
#,avengersofmotherearth,EXTREMIST,,,0.7,1,Environmentalist,0.6,0.3,environmentalalliance,0.1,
#,truepatriots,EXTREMIST,,,0.7,0.96,Patriot,0.6,0.3,defendersoftheflag,0.1,
#,multiculturalwwarriors,EXTREMIST,,,0.7,0.96,EthnicMinorities,0.6,0.3,diversityalliance,0.1,
#,theinvisiblehand,EXTREMIST,,,0.7,0.96,Capitalist,0.6,0.3,federationofentrepreneurs,0.1,
#,provincialdefensebrigade,EXTREMIST,,,0.7,0.8,Farmers,0.6,0.3,ruralalliance,0.1,
